Ilan Basligi,Seri,Yil,Fiyat,Ilan Tarihi,Il/Ilce
-2016 RENAULT MEGANE 1.5 DİZEL OTOMATİK DEĞİŞENSİZ !!,Renault,2016,101.500 TL,08 Ocak,ÇanakkaleMerkez
YETKİLİ BAYİİ 'DEN AYDA 1.800TL TAKSİTLE 2016 CİTROEN C_ELYSEE,Citroën,2016,65.750 TL,08 Ocak,İstanbulEsenyurt
"""*SADECE 39BIN KM*"" ILK SAHIBINDEN",Dacia,2015,68.900 TL,08 Ocak,İzmirGaziemir
,,,,,
2017 MODEL HATASIZ DÜŞÜK KM SYMBOL,Renault,2017,95.850 TL,08 Ocak,İstanbulMaltepe
MARKA OTOMOTİV DEN TR TEK EMSALSİZ 60 BİNDE A6 LİMOUSİNE EN FULL,Audi,2013,298.000 TL,08 Ocak,EskişehirTepebaşı
22 BİNDE HATASIZ CLİO TAKAS OLUR,Renault,2015,66.250 TL,08 Ocak,BilecikMerkez
BOYASIZ 2016 ÇIKIŞLI 500 L 1.3M.JET OTOMATİK ROCKSTAR CAM TAVANL,Fiat,2015,114.500 TL,08 Ocak,İstanbulBahçelievler
BOYASIZ 2016 INSİGNİA 1.6 CDTİ 136HP OTOMATİK EDİTİON ELEGANCE,Opel,2016,148.750 TL,08 Ocak,İstanbulBahçelievler
SAHİBİNDEN 2019 ARALIK ÇIKIŞLI EKSTRALI URBAN PLUS SIFIR,Fiat,2019,99.850 TL,08 Ocak,AnkaraYenimahalle
"EMSALSİZ ""13.600 KM"" 2016 VW GOLF 1.2 TSİ MİDLİNE PLUS (İLK EL)",Volkswagen,2016,108.500 TL,08 Ocak,İzmirBornova
KARKAYALAR'DAN 2015 BMW 320D MAKYAJLI PREMİUM+TECHNO 50.000 KM,BMW,2015,244.900 TL,08 Ocak,İstanbulEsenyurt
SAHİBİNDEN + BOYASIZ + İÇ DIŞ S-LINE +VAKUM + 4BÖL KAMERA +BEYAZ,Audi,2012,207.500 TL,08 Ocak,AnkaraKeçiören
SUNROOFLU FULL RUHSAT SAHİBİNDEN HATASIZ BOYASIZ HASAR KAYITSIZ,Kia,2017,92.900 TL,08 Ocak,İstanbulKartal
SYMBOL 2018 DEĞİŞENSİZ 64000 KM,Renault,2018,81.500 TL,08 Ocak,İzmirGaziemir
MARKA AUTO'DAN 2014 LUXURY+HARMANKARD­ON+ISITMA+HAFIZA BOYASIZ,BMW,2014,188.500 TL,08 Ocak,GaziantepŞehitkamil
ERTEMEL DEN SADECE 56 BİN KM DE OTM VİTES SIFIR GİBİ,Renault,2017,103.500 TL,08 Ocak,İstanbulBeylikdüzü
46.700 KM 2018 MODEL SRVİS BAKIMLI TİTANİUM SARNOFLU FORD FOCUS,Ford,2018,142.750 TL,08 Ocak,İstanbulSultangazi
2015 ÇIKŞLI BOYASIZ PASSAT VARİANT 1.4 TSİ DSG COMFORT CAM TAVAN,Volkswagen,2014,149.900 TL,08 Ocak,İstanbulBahçelievler
BORZ MOTOR'DAN PEUGEOT 301+DOUBLE EKRAN+GERİ GÖRÜŞ+88.000 KM,Peugeot,2013,59.900 TL,08 Ocak,İstanbulBahçelievler
Mercedes-benz 300se,Mercedes - Benz,1986,38.250 TL,08 Ocak,DenizliAcıpayam
ÖZ AY OTODAN 2006 CHRYSLER 300 C 2.7,300 C,2006,98.750 TL,01 Ocak,ElazığMerkez
"ŞEN OTO BEKİR'DEN 40.000 TL NAKİT, AYDA SADECE 2.750 TL TAKSİTLE",300 C,2006,89.000 TL,01 Ocak,İstanbulBağcılar
DEMİRKOL GRUP tan 2008 MODEL CHRYSLER 300 C 3.0 CRD,300 C,2008,125.000 TL,01 Ocak,KonyaKaratay
,,,,,
CML AUTO'DAN 2008 BEYAZ RENK 300C TAM DOLU+SUNROOF­+XENON+DERİ,300 C,2008,118.000 TL,08 Ocak,İzmirGaziemir
"MOSTAR,DAN CHRYSLER 300 M 3.5 OTOMATİK VTS LPG,Lİ KISA VADE OLUR",300 M,1999,44.900 TL,07 Ocak,AnkaraEtimesgut
CHRYSLER 300C BOYASIZ HASARSIZ BAYİİ BOSTON+ISITM­A+EKRAN+FULL,300 C,2006,110.000 TL,07 Ocak,AdanaSeyhan
2003 motor şanzıman süper.,300 M,2003,39.750 TL,07 Ocak,İstanbulAvcılar
CRYSLER SEBRİNG acil,Sebring,2003,22.500 TL,07 Ocak,KonyaKaratay
ÇOK ÇOK ÇOK TEMİZ BAK AL GİT,300 C,2006,145.000 TL,07 Ocak,KahramanmaraşDulkadiroğlu
2008 Model 300 C 200.000 KM'de İçi Dışı Kusursuz Emsalsiz,300 C,2008,119.250 TL,06 Ocak,AydınNazilli
CHRYSLER 300C 3.5 2006 MODEL 97.788 KMDE BOYASIZ DEĞİŞENSİZ,300 C,2006,118.500 TL,06 Ocak,DenizliMerkezefendi
UMUT emlaktan hatasız tramersiz 300 C,300 C,2006,105.000 TL,06 Ocak,ÇanakkaleAyvacık
Muayeneli ruhsatlı 2008 dizel otomatik,300 C,2008,81.500 TL,06 Ocak,İzmirKonak
NERON MOTORS 2001 CHRYSLER 300M 3.5,300 M,2001,27.000 TL,06 Ocak,KayseriHacılar
SECO MOTORS'DAN CHRYSLER 300C 3.0 CRD FULL+FULL,300 C,2007,82.000 TL,06 Ocak,HatayAntakya
2010 CHRYSLER 300 C 3.0 CRD,300 C,2010,125.000 TL,06 Ocak,AdanaSeyhan
Binicisinden tertemiz Sebring 2.0 CRD,Sebring,2008,64.500 TL,06 Ocak,TrabzonOrtahisar
SAHİBİNDEN BAKIMLI CRYSLER 300 C,300 C,2007,115.000 TL,08 Ocak,KonyaSelçuklu
ELİT AUTO'DAN 2009-MODEL-3.0-­CRD-CHRYSLER..,300 C,2009,115.000 TL,07 Ocak,KahramanmaraşAfşin
MASRAFSIZ 2.0 MOTOR OTOMATIK,Stratus,1999,29.750 TL,05 Ocak,AnkaraSincan
SADECE 150BİN KM EMSALSİZ İLK GÜNKİ TEMİZLİKTE,Sebring,2005,55.000 TL,05 Ocak,İstanbulKadıköy
***2009 HATASIZ 300c***,300 C,2009,138.000 TL,05 Ocak,AnkaraGölbaşı
V6 214 HP sorunsuz.. Yeni Muayeneli..,Concorde,1996,25.000 TL,05 Ocak,İstanbulÜmraniye
,,,,,
YACARS TAN EMSALSİZ TEMİZLİKTE 300C TAM DOLU SADECE 80BİNDE,300 C,2006,124.900 TL,07 Ocak,BoluMerkez
AMERİKAN TANKI 3.2 V6 CROSSFİRE,Crossfire,2004,100.000 TL,05 Ocak,AnkaraÇankaya
ÇOK TEMİZZZ AMERİKAN TANKI !!!,Stratus,1997,35.000 TL,07 Ocak,AnkaraEtimesgut
SAHİBİNDEN OTOMATİK V6 MOTOR CROSSFİRE,Crossfire,2004,117.000 TL,05 Ocak,DenizliPamukkale
2009 CHRYSLER 300 C 3.0 CRD YENİ MAKYAJLI KASA HATASIZ-BOYASIZ,300 C,2009,140.000 TL,05 Ocak,AnkaraÇankaya
TANRIKULU OTOMOTİV 2006 CHRYSLER 300C 3.0 CRD,300 C,2006,87.000 TL,05 Ocak,OrduFatsa
MAKAM ARACI 300 C HATASIZ KUSURSUZ,300 C,2005,77.000 TL,07 Ocak,AntalyaSerik
BOYASIZ HATASIZ 2008 DİZEL CHEYSLER SEBRİNG,Sebring,2008,61.000 TL,07 Ocak,AdanaÇukurova
Tr'de Tek Gold&Silver Chrysler 300C Sahibinden Garaj Arabası!!!,300 C,2005,116.500 TL,07 Ocak,SakaryaAdapazarı
ÇOK TEMİZ DEĞİŞENSİZ HASAR KAYITSIZ (TAKAS OLUR),Sebring,2001,35.500 TL,04 Ocak,AntalyaMuratpaşa
95 model orjinal 63.415 mil de sıfır ayarın da eşsiz araç,Concorde,1995,55.000 TL,06 Ocak,MuğlaMarmaris
SAHİBİNDEN ÇOK TEMİZ,Sebring,2003,61.750 TL,04 Ocak,İstanbulAtaşehir
MİRBEY'DEN EMSALSİZ 2011 CHRYSLER 300C 3.0 CRD+218 HP+245'BİN KM,300 C,2011,157.000 TL,04 Ocak,BatmanMerkez
Emsalsiz Can Yakar Boyun Kırar (: İlgiden Sıkılacaksınız,300 C,2006,116.000 TL,06 Ocak,Vanİpekyolu
2006 CHRYSLER 300C DIZEL OTOMATIK TAM DOLU 218HP,300 C,2006,91.000 TL,04 Ocak,MersinYenişehir
YGT MOTOR'S DAN 2007 CHRYSLER 300C,300 C,2007,89.500 TL,04 Ocak,DüzceMerkez
EMSALSİZ TEMİZLİKDE DAHA 118.000KMDE CHRYSLER SEBRİNG 2.7,Sebring,2006,52.900 TL,06 Ocak,TekirdağÇorlu
